"Station","Species","DateTimeOriginal","Date","Time","delta.time.secs","delta.time.mins","delta.time.hours","delta.time.days","Directory","FileName","n_images"
"SLC 109","Fox",2021-11-29 10:30:04,2021-11-29,"10:30:04",0,0,0,0,"Data-21-22/SLC 109/Fox","IMG_0011.AVI",1
"SLC 109","Fox",2021-11-29 11:24:06,2021-11-29,"11:24:06",3242,54,0.9,0,"Data-21-22/SLC 109/Fox","IMG_0012.AVI",1
"SLC 109","Fox",2022-01-08 14:12:10,2022-01-08,"14:12:10",3466084,57768.1,962.8,40.1,"Data-21-22/SLC 109/Fox","IMG_0042.AVI",1
"SLC 109","Fox",2022-01-14 06:16:28,2022-01-14,"06:16:28",489858,8164.3,136.1,5.7,"Data-21-22/SLC 109/Fox","IMG_0048.AVI",1
"SLC 109","Fox",2022-01-15 14:32:18,2022-01-15,"14:32:18",116150,1935.8,32.3,1.3,"Data-21-22/SLC 109/Fox","IMG_0049.AVI",1
"SLC 109","Fox",2022-01-18 08:51:58,2022-01-18,"08:51:58",238780,3979.7,66.3,2.8,"Data-21-22/SLC 109/Fox","IMG_0051.AVI",1
"SLC 109","Fox",2022-02-18 18:11:48,2022-02-18,"18:11:48",2711990,45199.8,753.3,31.4,"Data-21-22/SLC 109/Fox","IMG_0069.AVI",1
"SLC 109","Ibex",2021-12-13 03:44:02,2021-12-13,"03:44:02",0,0,0,0,"Data-21-22/SLC 109/Ibex","IMG_0017.AVI",10
"SLC 109","Ibex",2021-12-17 21:08:56,2021-12-17,"21:08:56",408294,6804.9,113.4,4.7,"Data-21-22/SLC 109/Ibex","IMG_0033.AVI",1
"SLC 109","Ibex",2022-01-04 11:18:36,2022-01-04,"11:18:36",1519780,25329.7,422.2,17.6,"Data-21-22/SLC 109/Ibex","IMG_0040.AVI",1
"SLC 109","Markhor",2021-12-13 03:46:36,2021-12-13,"03:46:36",0,0,0,0,"Data-21-22/SLC 109/Markhor","IMG_0026.AVI",2
"SLC 109","Markhor",2021-12-14 07:18:04,2021-12-14,"07:18:04",99088,1651.5,27.5,1.1,"Data-21-22/SLC 109/Markhor","IMG_0029.AVI",2
"SLC 109","Markhor",2021-12-17 21:07:16,2021-12-17,"21:07:16",308952,5149.2,85.8,3.6,"Data-21-22/SLC 109/Markhor","IMG_0031.AVI",3
"SLC 109","Markhor",2021-12-24 14:04:12,2021-12-24,"14:04:12",579416,9656.9,160.9,6.7,"Data-21-22/SLC 109/Markhor","IMG_0037.AVI",1
"SLC 109","Snow Leopard",2021-11-23 10:41:10,2021-11-23,"10:41:10",0,0,0,0,"Data-21-22/SLC 109/Snow Leopard","IMG_0009.AVI",1
"SLC 109","Snow Leopard",2021-12-23 12:13:34,2021-12-23,"12:13:34",2597544,43292.4,721.5,30.1,"Data-21-22/SLC 109/Snow Leopard","IMG_0036.AVI",1
"SLC 109","Snow Leopard",2022-01-11 06:06:52,2022-01-11,"06:06:52",1619598,26993.3,449.9,18.7,"Data-21-22/SLC 109/Snow Leopard","IMG_0045.AVI",1
"SLC 109","Snow Leopard",2022-01-14 05:12:24,2022-01-14,"05:12:24",255932,4265.5,71.1,3,"Data-21-22/SLC 109/Snow Leopard","IMG_0046.AVI",2
"SLC 109","Snow Leopard",2022-01-16 13:25:34,2022-01-16,"13:25:34",202390,3373.2,56.2,2.3,"Data-21-22/SLC 109/Snow Leopard","IMG_0050.AVI",1
"SLC 109","Snow Leopard",2022-01-21 10:03:06,2022-01-21,"10:03:06",419852,6997.5,116.6,4.9,"Data-21-22/SLC 109/Snow Leopard","IMG_0056.AVI",1
"SLC 109","Snow Leopard",2022-01-21 19:48:36,2022-01-21,"19:48:36",35130,585.5,9.8,0.4,"Data-21-22/SLC 109/Snow Leopard","IMG_0058.AVI",1
"SLC 109","Snow Leopard",2022-01-21 20:48:24,2022-01-21,"20:48:24",3588,59.8,1,0,"Data-21-22/SLC 109/Snow Leopard","IMG_0059.AVI",1
"SLC 109","Snow Leopard",2022-01-22 01:04:24,2022-01-22,"01:04:24",15360,256,4.3,0.2,"Data-21-22/SLC 109/Snow Leopard","IMG_0060.AVI",1
"SLC 109 Krabtahng","Other",2022-03-17 02:37:02,2022-03-17,"02:37:02",0,0,0,0,"Data-21-22/SLC 109 Krabtahng/Other","IMG_0004.AVI",2
"SLC 109 Krabtahng","Other",2022-03-20 04:19:10,2022-03-20,"04:19:10",265328,4422.1,73.7,3.1,"Data-21-22/SLC 109 Krabtahng/Other","IMG_0006.AVI",1
"SLC 109 Krabtahng","Other",2022-03-21 03:37:18,2022-03-21,"03:37:18",83888,1398.1,23.3,1,"Data-21-22/SLC 109 Krabtahng/Other","IMG_0007.AVI",1
"SLC 109 Krabtahng","Other",2022-03-23 22:56:58,2022-03-23,"22:56:58",242380,4039.7,67.3,2.8,"Data-21-22/SLC 109 Krabtahng/Other","IMG_0009.AVI",1
"SLC 109 Krabtahng","Other",2022-03-29 01:57:02,2022-03-29,"01:57:02",442804,7380.1,123,5.1,"Data-21-22/SLC 109 Krabtahng/Other","IMG_0010.AVI",1
"SLC 109 Krabtahng","Other",2022-04-02 02:17:10,2022-04-02,"02:17:10",346808,5780.1,96.3,4,"Data-21-22/SLC 109 Krabtahng/Other","IMG_0011.AVI",1
"SLC 117","Fox",2021-12-02 11:41:46,2021-12-02,"11:41:46",0,0,0,0,"Data-21-22/SLC 117/Fox","IMG_0013.AVI",1
"SLC 117","Fox",2021-12-07 05:18:32,2021-12-07,"05:18:32",409006,6816.8,113.6,4.7,"Data-21-22/SLC 117/Fox","IMG_0014.AVI",1
"SLC 117","Fox",2021-12-08 12:12:22,2021-12-08,"12:12:22",111230,1853.8,30.9,1.3,"Data-21-22/SLC 117/Fox","IMG_0015.AVI",1
"SLC 117","Fox",2021-12-09 14:14:02,2021-12-09,"14:14:02",93700,1561.7,26,1.1,"Data-21-22/SLC 117/Fox","IMG_0017.AVI",1
"SLC 117","Fox",2021-12-22 13:30:20,2021-12-22,"13:30:20",1120578,18676.3,311.3,13,"Data-21-22/SLC 117/Fox","IMG_0018.AVI",3
"SLC 117","Fox",2021-12-23 05:28:28,2021-12-23,"05:28:28",57488,958.1,16,0.7,"Data-21-22/SLC 117/Fox","IMG_0021.AVI",1
"SLC 117","Fox",2021-12-30 07:22:56,2021-12-30,"07:22:56",611668,10194.5,169.9,7.1,"Data-21-22/SLC 117/Fox","IMG_0023.AVI",1
"SLC 117","Fox",2022-01-10 14:40:20,2022-01-10,"14:40:20",976644,16277.4,271.3,11.3,"Data-21-22/SLC 117/Fox","IMG_0027.AVI",1
"SLC 117","Fox",2022-01-20 05:23:08,2022-01-20,"05:23:08",830568,13842.8,230.7,9.6,"Data-21-22/SLC 117/Fox","IMG_0029.AVI",1
"SLC 117","Fox",2022-01-24 11:04:10,2022-01-24,"11:04:10",366062,6101,101.7,4.2,"Data-21-22/SLC 117/Fox","IMG_0031.AVI",2
"SLC 117","Fox",2022-01-24 12:06:32,2022-01-24,"12:06:32",3742,62.4,1,0,"Data-21-22/SLC 117/Fox","IMG_0033.AVI",2
"SLC 117","Fox",2022-01-26 08:02:02,2022-01-26,"08:02:02",158130,2635.5,43.9,1.8,"Data-21-22/SLC 117/Fox","IMG_0036.AVI",2
"SLC 117","Fox",2022-01-30 08:45:52,2022-01-30,"08:45:52",348230,5803.8,96.7,4,"Data-21-22/SLC 117/Fox","IMG_0038.AVI",2
"SLC 117","Fox",2022-01-31 16:17:56,2022-01-31,"16:17:56",113524,1892.1,31.5,1.3,"Data-21-22/SLC 117/Fox","IMG_0041.AVI",2
"SLC 117","Fox",2022-02-03 16:50:44,2022-02-03,"16:50:44",261168,4352.8,72.5,3,"Data-21-22/SLC 117/Fox","IMG_0043.AVI",2
"SLC 117","Fox",2022-02-04 05:36:20,2022-02-04,"05:36:20",45936,765.6,12.8,0.5,"Data-21-22/SLC 117/Fox","IMG_0045.AVI",1
"SLC 117","Fox",2022-02-13 06:53:34,2022-02-13,"06:53:34",782234,13037.2,217.3,9.1,"Data-21-22/SLC 117/Fox","IMG_0046.AVI",1
"SLC 117","Ibex",2021-11-20 21:42:48,2021-11-20,"21:42:48",0,0,0,0,"Data-21-22/SLC 117/Ibex","IMG_0005.AVI",3
"SLC 117","Other",2021-12-27 20:36:06,2021-12-27,"20:36:06",0,0,0,0,"Data-21-22/SLC 117/Other","IMG_0022.AVI",1
"SLC 117","Other",2022-02-20 20:28:30,2022-02-20,"20:28:30",4751544,79192.4,1319.9,55,"Data-21-22/SLC 117/Other","IMG_0047.AVI",4
"SLC 117","Snow Leopard",2021-11-21 03:26:46,2021-11-21,"03:26:46",0,0,0,0,"Data-21-22/SLC 117/Snow Leopard","IMG_0009.AVI",1
"SLC 117 Krabathang","Ibex",2022-03-29 18:54:14,2022-03-29,"18:54:14",0,0,0,0,"Data-21-22/SLC 117 Krabathang/Ibex","IMG_0005.AVI",2
"SLC 117 Krabathang","Ibex",2022-03-29 22:06:36,2022-03-29,"22:06:36",11542,192.4,3.2,0.1,"Data-21-22/SLC 117 Krabathang/Ibex","IMG_0007.AVI",1
"SLC 117 Krabathang","Ibex",2022-04-09 10:59:26,2022-04-09,"10:59:26",910370,15172.8,252.9,10.5,"Data-21-22/SLC 117 Krabathang/Ibex","IMG_0008.AVI",3
"SLC 117 Krabathang","Ibex",2022-04-09 11:38:38,2022-04-09,"11:38:38",2352,39.2,0.7,0,"Data-21-22/SLC 117 Krabathang/Ibex","IMG_0011.AVI",1
"SLC 117 Krabathang","Ibex",2022-04-10 09:26:56,2022-04-10,"09:26:56",78498,1308.3,21.8,0.9,"Data-21-22/SLC 117 Krabathang/Ibex","IMG_0012.AVI",2
"SLC 117 Krabathang","Ibex",2022-04-19 03:03:06,2022-04-19,"03:03:06",754570,12576.2,209.6,8.7,"Data-21-22/SLC 117 Krabathang/Ibex","IMG_0017.AVI",1
"SLC 117 Krabathang","Ibex",2022-04-23 04:04:46,2022-04-23,"04:04:46",349300,5821.7,97,4,"Data-21-22/SLC 117 Krabathang/Ibex","IMG_0019.AVI",1
"SLC 117 Krabathang","Other",2022-03-23 21:26:56,2022-03-23,"21:26:56",0,0,0,0,"Data-21-22/SLC 117 Krabathang/Other","IMG_0004.AVI",1
"SLC 117 Krabathang","Other",2022-04-10 22:01:34,2022-04-10,"22:01:34",1557278,25954.6,432.6,18,"Data-21-22/SLC 117 Krabathang/Other","IMG_0014.AVI",1
"SLC 118","Fox",2021-11-25 08:23:10,2021-11-25,"08:23:10",0,0,0,0,"Data-21-22/SLC 118/Fox","IMG_0011.AVI",1
"SLC 118","Fox",2022-01-11 13:38:18,2022-01-11,"13:38:18",4079708,67995.1,1133.3,47.2,"Data-21-22/SLC 118/Fox","IMG_0050.AVI",1
"SLC 118","Ibex",2021-12-02 01:57:26,2021-12-02,"01:57:26",0,0,0,0,"Data-21-22/SLC 118/Ibex","IMG_0014.AVI",1
"SLC 118","Ibex",2021-12-08 15:39:16,2021-12-08,"15:39:16",567710,9461.8,157.7,6.6,"Data-21-22/SLC 118/Ibex","IMG_0017.AVI",1
"SLC 118","Ibex",2022-01-04 01:51:10,2022-01-04,"01:51:10",2283114,38051.9,634.2,26.4,"Data-21-22/SLC 118/Ibex","IMG_0039.AVI",4
"SLC 118","Ibex",2022-02-11 03:35:18,2022-02-11,"03:35:18",3289448,54824.1,913.7,38.1,"Data-21-22/SLC 118/Ibex","IMG_0053.AVI",2
"SLC 118","Ibex",2022-02-17 19:16:00,2022-02-17,"19:16:00",574842,9580.7,159.7,6.7,"Data-21-22/SLC 118/Ibex","IMG_0055.AVI",1
"SLC 118","Markhor",2021-11-26 03:06:16,2021-11-26,"03:06:16",0,0,0,0,"Data-21-22/SLC 118/Markhor","IMG_0012.AVI",1
"SLC 118","Markhor",2021-12-02 01:58:28,2021-12-02,"01:58:28",514332,8572.2,142.9,6,"Data-21-22/SLC 118/Markhor","IMG_0015.AVI",1
"SLC 118","Markhor",2021-12-11 22:09:22,2021-12-11,"22:09:22",850254,14170.9,236.2,9.8,"Data-21-22/SLC 118/Markhor","IMG_0018.AVI",1
"SLC 118","Markhor",2021-12-14 17:02:12,2021-12-14,"17:02:12",240770,4012.8,66.9,2.8,"Data-21-22/SLC 118/Markhor","IMG_0019.AVI",10
"SLC 118","Markhor",2021-12-14 17:36:52,2021-12-14,"17:36:52",2080,34.7,0.6,0,"Data-21-22/SLC 118/Markhor","IMG_0029.AVI",3
"SLC 118","Markhor",2021-12-14 18:09:00,2021-12-14,"18:09:00",1928,32.1,0.5,0,"Data-21-22/SLC 118/Markhor","IMG_0032.AVI",2
"SLC 118","Markhor",2021-12-17 02:42:42,2021-12-17,"02:42:42",203622,3393.7,56.6,2.4,"Data-21-22/SLC 118/Markhor","IMG_0034.AVI",1
"SLC 118","Markhor",2021-12-31 21:45:58,2021-12-31,"21:45:58",1278196,21303.3,355.1,14.8,"Data-21-22/SLC 118/Markhor","IMG_0036.AVI",2
"SLC 118","Markhor",2022-01-04 01:33:22,2022-01-04,"01:33:22",272844,4547.4,75.8,3.2,"Data-21-22/SLC 118/Markhor","IMG_0038.AVI",1
"SLC 118","Markhor",2022-01-04 03:24:40,2022-01-04,"03:24:40",6678,111.3,1.9,0.1,"Data-21-22/SLC 118/Markhor","IMG_0043.AVI",2
"SLC 118","Markhor",2022-01-04 18:49:16,2022-01-04,"18:49:16",55476,924.6,15.4,0.6,"Data-21-22/SLC 118/Markhor","IMG_0045.AVI",1
"SLC 118","Markhor",2022-01-05 20:04:24,2022-01-05,"20:04:24",90908,1515.1,25.3,1.1,"Data-21-22/SLC 118/Markhor","IMG_0046.AVI",2
"SLC 118","Markhor",2022-01-20 22:26:16,2022-01-20,"22:26:16",1304512,21741.9,362.4,15.1,"Data-21-22/SLC 118/Markhor","IMG_0051.AVI",1
"SLC 118","Markhor",2022-02-02 21:06:38,2022-02-02,"21:06:38",1118422,18640.4,310.7,12.9,"Data-21-22/SLC 118/Markhor","IMG_0052.AVI",1
"SLC 118","Markhor",2022-02-18 19:45:56,2022-02-18,"19:45:56",1377558,22959.3,382.7,15.9,"Data-21-22/SLC 118/Markhor","IMG_0056.AVI",1
"SLC 118","Other",2021-11-27 21:57:42,2021-11-27,"21:57:42",0,0,0,0,"Data-21-22/SLC 118/Other","IMG_0013.AVI",1
"SLC 118","Snow Leopard",2021-11-23 13:07:38,2021-11-23,"13:07:38",0,0,0,0,"Data-21-22/SLC 118/Snow Leopard","IMG_0010.AVI",1
"SLC 118","Snow Leopard",2021-12-23 12:42:08,2021-12-23,"12:42:08",2590470,43174.5,719.6,30,"Data-21-22/SLC 118/Snow Leopard","IMG_0035.AVI",1
"SLC 118 Krabathang","Fox",2022-04-04 10:49:24,2022-04-04,"10:49:24",0,0,0,0,"Data-21-22/SLC 118 Krabathang/Fox","IMG_0020.AVI",2
"SLC 118 Krabathang","Ibex",2022-03-11 18:59:46,2022-03-11,"18:59:46",0,0,0,0,"Data-21-22/SLC 118 Krabathang/Ibex","IMG_0008.AVI",1
"SLC 118 Krabathang","Ibex",2022-03-24 04:03:26,2022-03-24,"04:03:26",1069420,17823.7,297.1,12.4,"Data-21-22/SLC 118 Krabathang/Ibex","IMG_0013.AVI",3
"SLC 118 Krabathang","Ibex",2022-04-10 09:54:56,2022-04-10,"09:54:56",1489890,24831.5,413.9,17.2,"Data-21-22/SLC 118 Krabathang/Ibex","IMG_0022.AVI",2
"SLC 118 Krabathang","Ibex",2022-04-17 18:05:24,2022-04-17,"18:05:24",634228,10570.5,176.2,7.3,"Data-21-22/SLC 118 Krabathang/Ibex","IMG_0024.AVI",1
"SLC 118 Krabathang","Other",2022-03-10 18:30:58,2022-03-10,"18:30:58",0,0,0,0,"Data-21-22/SLC 118 Krabathang/Other","IMG_0007.AVI",1
"SLC 118 Krabathang","Other",2022-03-17 03:06:08,2022-03-17,"03:06:08",549310,9155.2,152.6,6.4,"Data-21-22/SLC 118 Krabathang/Other","IMG_0010.AVI",1
"SLC 118 Krabathang","Other",2022-03-24 23:40:36,2022-03-24,"23:40:36",678868,11314.5,188.6,7.9,"Data-21-22/SLC 118 Krabathang/Other","IMG_0016.AVI",1
"SLC 118 Krabathang","Other",2022-03-26 18:03:38,2022-03-26,"18:03:38",152582,2543,42.4,1.8,"Data-21-22/SLC 118 Krabathang/Other","IMG_0017.AVI",1
"SLC 118 Krabathang","Snow Leopard",2022-03-19 21:56:36,2022-03-19,"21:56:36",0,0,0,0,"Data-21-22/SLC 118 Krabathang/Snow Leopard","IMG_0011.AVI",2
"SLC 120 Basho Sultanabad ","Fox",2021-11-28 03:22:08,2021-11-28,"03:22:08",0,0,0,0,"Data-21-22/SLC 120 Basho Sultanabad /Fox","IMG_0004.AVI",1
"SLC 120 Basho Sultanabad ","Fox",2021-11-28 04:15:08,2021-11-28,"04:15:08",3180,53,0.9,0,"Data-21-22/SLC 120 Basho Sultanabad /Fox","IMG_0005.AVI",1
"SLC 120 Basho Sultanabad ","Fox",2021-11-29 17:43:52,2021-11-29,"17:43:52",134924,2248.7,37.5,1.6,"Data-21-22/SLC 120 Basho Sultanabad /Fox","IMG_0006.AVI",1
"SLC 120 Basho Sultanabad ","Fox",2021-11-30 18:24:46,2021-11-30,"18:24:46",88854,1480.9,24.7,1,"Data-21-22/SLC 120 Basho Sultanabad /Fox","IMG_0007.AVI",1
"SLC 120 Basho Sultanabad ","Fox",2021-12-03 18:01:14,2021-12-03,"18:01:14",257788,4296.5,71.6,3,"Data-21-22/SLC 120 Basho Sultanabad /Fox","IMG_0008.AVI",1
"SLC 120 Basho Sultanabad ","Fox",2021-12-12 23:33:26,2021-12-12,"23:33:26",797532,13292.2,221.5,9.2,"Data-21-22/SLC 120 Basho Sultanabad /Fox","IMG_0013.AVI",1
"SLC 120 Basho Sultanabad ","Fox",2021-12-26 02:20:30,2021-12-26,"02:20:30",1133224,18887.1,314.8,13.1,"Data-21-22/SLC 120 Basho Sultanabad /Fox","IMG_0017.AVI",1
"SLC 120 Basho Sultanabad ","Fox",2021-12-28 22:11:50,2021-12-28,"22:11:50",244280,4071.3,67.9,2.8,"Data-21-22/SLC 120 Basho Sultanabad /Fox","IMG_0018.AVI",1
"SLC 120 Basho Sultanabad ","Fox",2022-01-03 16:43:26,2022-01-03,"16:43:26",498696,8311.6,138.5,5.8,"Data-21-22/SLC 120 Basho Sultanabad /Fox","IMG_0019.AVI",1
"SLC 120 Basho Sultanabad ","Ibex",2022-01-10 13:15:32,2022-01-10,"13:15:32",0,0,0,0,"Data-21-22/SLC 120 Basho Sultanabad /Ibex","IMG_0026.AVI",1
"SLC 120 Basho Sultanabad ","Other",2021-11-23 08:00:04,2021-11-23,"08:00:04",0,0,0,0,"Data-21-22/SLC 120 Basho Sultanabad /Other","IMG_0003.AVI",1
"SLC 120 Basho Sultanabad ","Other",2021-12-09 06:33:20,2021-12-09,"06:33:20",1377196,22953.3,382.6,15.9,"Data-21-22/SLC 120 Basho Sultanabad /Other","IMG_0010.AVI",1
"SLC 120 Basho Sultanabad ","Other",2021-12-11 07:46:24,2021-12-11,"07:46:24",177184,2953.1,49.2,2.1,"Data-21-22/SLC 120 Basho Sultanabad /Other","IMG_0011.AVI",2
"SLC 121 Skoyo","Fox",2021-12-07 07:45:38,2021-12-07,"07:45:38",0,0,0,0,"Data-21-22/SLC 121 Skoyo/Fox","IMG_0002.AVI",1
"SLC 121 Skoyo","Fox",2021-12-07 11:17:36,2021-12-07,"11:17:36",12718,212,3.5,0.1,"Data-21-22/SLC 121 Skoyo/Fox","IMG_0003.AVI",1
"SLC 121 Skoyo","Fox",2021-12-19 11:41:02,2021-12-19,"11:41:02",1038206,17303.4,288.4,12,"Data-21-22/SLC 121 Skoyo/Fox","IMG_0005.AVI",1
"SLC 121 Skoyo","Fox",2021-12-29 13:20:46,2021-12-29,"13:20:46",869984,14499.7,241.7,10.1,"Data-21-22/SLC 121 Skoyo/Fox","IMG_0007.AVI",1
"SLC 121 Skoyo","Fox",2022-01-01 07:40:22,2022-01-01,"07:40:22",238776,3979.6,66.3,2.8,"Data-21-22/SLC 121 Skoyo/Fox","IMG_0008.AVI",1
"SLC 121 Skoyo","Fox",2022-01-21 09:35:24,2022-01-21,"09:35:24",1734902,28915,481.9,20.1,"Data-21-22/SLC 121 Skoyo/Fox","IMG_0009.AVI",1
"SLC 121 Skoyo","Fox",2022-01-22 06:07:56,2022-01-22,"06:07:56",73952,1232.5,20.5,0.9,"Data-21-22/SLC 121 Skoyo/Fox","IMG_0010.AVI",1
"SLC 121 Skoyo","Fox",2022-01-26 10:53:02,2022-01-26,"10:53:02",362706,6045.1,100.8,4.2,"Data-21-22/SLC 121 Skoyo/Fox","IMG_0012.AVI",1
"SLC 121 Skoyo","Fox",2022-01-27 12:38:48,2022-01-27,"12:38:48",92746,1545.8,25.8,1.1,"Data-21-22/SLC 121 Skoyo/Fox","IMG_0013.AVI",1
"SLC 121 Skoyo","Fox",2022-02-02 14:25:50,2022-02-02,"14:25:50",524822,8747,145.8,6.1,"Data-21-22/SLC 121 Skoyo/Fox","IMG_0014.AVI",1
"SLC 121 Skoyo","Fox",2022-02-27 10:56:30,2022-02-27,"10:56:30",2147440,35790.7,596.5,24.9,"Data-21-22/SLC 121 Skoyo/Fox","IMG_0017.AVI",1
"SLC 121 Skoyo","Fox",2022-04-05 12:26:32,2022-04-05,"12:26:32",3202202,53370,889.5,37.1,"Data-21-22/SLC 121 Skoyo/Fox","IMG_0019.AVI",1
"SLC 121 Skoyo","Markhor",2022-04-14 23:20:02,2022-04-14,"23:20:02",0,0,0,0,"Data-21-22/SLC 121 Skoyo/Markhor","IMG_0020.AVI",3
"SLC 121 Skoyo","Snow Leopard",2021-12-29 02:01:54,2021-12-29,"02:01:54",0,0,0,0,"Data-21-22/SLC 121 Skoyo/Snow Leopard","IMG_0006.AVI",1
"SLC 121 Skoyo","Snow Leopard",2022-01-25 15:38:04,2022-01-25,"15:38:04",2381770,39696.2,661.6,27.6,"Data-21-22/SLC 121 Skoyo/Snow Leopard","IMG_0011.AVI",1
"SLC 121 Skoyo","Snow Leopard",2022-02-12 15:41:34,2022-02-12,"15:41:34",1555410,25923.5,432.1,18,"Data-21-22/SLC 121 Skoyo/Snow Leopard","IMG_0015.AVI",1
"SLC 121 Skoyo","Snow Leopard",2022-03-06 12:35:34,2022-03-06,"12:35:34",1889640,31494,524.9,21.9,"Data-21-22/SLC 121 Skoyo/Snow Leopard","IMG_0018.AVI",1
"SLC 123 Skoyo","Fox",2021-12-07 08:01:21,2021-12-07,"08:01:21",0,0,0,0,"Data-21-22/SLC 123 Skoyo/Fox","12070067.JPG",2
"SLC 123 Skoyo","Fox",2021-12-19 09:40:00,2021-12-19,"09:40:00",1042719,17378.7,289.6,12.1,"Data-21-22/SLC 123 Skoyo/Fox","12190124.JPG",2
"SLC 123 Skoyo","Fox",2021-12-21 08:18:02,2021-12-21,"08:18:02",167882,2798,46.6,1.9,"Data-21-22/SLC 123 Skoyo/Fox","12210133.JPG",2
"SLC 123 Skoyo","Fox",2022-02-02 13:16:17,2022-02-02,"13:16:17",3733095,62218.2,1037,43.2,"Data-21-22/SLC 123 Skoyo/Fox","02020226.JPG",2
"SLC 123 Skoyo","Fox",2022-02-08 17:08:58,2022-02-08,"17:08:58",532361,8872.7,147.9,6.2,"Data-21-22/SLC 123 Skoyo/Fox","02080234.JPG",1
"SLC 123 Skoyo","Fox",2022-02-14 11:29:50,2022-02-14,"11:29:50",498052,8300.9,138.3,5.8,"Data-21-22/SLC 123 Skoyo/Fox","02140235.JPG",2
"SLC 123 Skoyo","Fox",2022-02-16 16:02:00,2022-02-16,"16:02:00",189130,3152.2,52.5,2.2,"Data-21-22/SLC 123 Skoyo/Fox","02160238.JPG",2
"SLC 123 Skoyo","Fox",2022-02-28 18:20:09,2022-02-28,"18:20:09",1045089,17418.2,290.3,12.1,"Data-21-22/SLC 123 Skoyo/Fox","02280475.JPG",2
"SLC 123 Skoyo","Fox",2022-02-28 19:42:40,2022-02-28,"19:42:40",4951,82.5,1.4,0.1,"Data-21-22/SLC 123 Skoyo/Fox","02280478.JPG",2
"SLC 123 Skoyo","Ibex",2021-12-18 01:46:22,2021-12-18,"01:46:22",0,0,0,0,"Data-21-22/SLC 123 Skoyo/Ibex","12180121.JPG",2
"SLC 123 Skoyo","Ibex",2021-12-23 16:18:30,2021-12-23,"16:18:30",484328,8072.1,134.5,5.6,"Data-21-22/SLC 123 Skoyo/Ibex","12230142.JPG",2
"SLC 123 Skoyo","Livestock",2021-12-08 04:52:48,2021-12-08,"04:52:48",0,0,0,0,"Data-21-22/SLC 123 Skoyo/Livestock","12080079.JPG",3
"SLC 123 Skoyo","Livestock",2022-02-27 00:35:46,2022-02-27,"00:35:46",6982978,116383,1939.7,80.8,"Data-21-22/SLC 123 Skoyo/Livestock","02270247.JPG",74
"SLC 123 Skoyo","Livestock",2022-02-27 02:37:47,2022-02-27,"02:37:47",7321,122,2,0.1,"Data-21-22/SLC 123 Skoyo/Livestock","02270358.JPG",73
"SLC 123 Skoyo","Livestock",2022-02-28 01:17:19,2022-02-28,"01:17:19",81572,1359.5,22.7,0.9,"Data-21-22/SLC 123 Skoyo/Livestock","02280457.JPG",14
"SLC 123 Skoyo","Other",2021-12-22 10:14:04,2021-12-22,"10:14:04",0,0,0,0,"Data-21-22/SLC 123 Skoyo/Other","12220139.JPG",2
"SLC 123 Skoyo","Other",2022-01-13 10:27:21,2022-01-13,"10:27:21",1901597,31693.3,528.2,22,"Data-21-22/SLC 123 Skoyo/Other","01130172.JPG",5
"SLC 123 Skoyo","Other",2022-01-25 06:58:00,2022-01-25,"06:58:00",1024239,17070.7,284.5,11.9,"Data-21-22/SLC 123 Skoyo/Other","01250199.JPG",1
"SLC 123 Skoyo","Other",2022-01-25 10:33:33,2022-01-25,"10:33:33",12933,215.6,3.6,0.1,"Data-21-22/SLC 123 Skoyo/Other","01250208.JPG",2
"SLC 123 Skoyo","Snow Leopard",2021-12-12 06:22:01,2021-12-12,"06:22:01",0,0,0,0,"Data-21-22/SLC 123 Skoyo/Snow Leopard","12120088.JPG",2
"SLC 123 Skoyo","Snow Leopard",2022-01-13 06:05:29,2022-01-13,"06:05:29",2763808,46063.5,767.7,32,"Data-21-22/SLC 123 Skoyo/Snow Leopard","01130169.JPG",2
"SLC 123 Skoyo","Snow Leopard",2022-01-18 05:27:12,2022-01-18,"05:27:12",429703,7161.7,119.4,5,"Data-21-22/SLC 123 Skoyo/Snow Leopard","01180187.JPG",2
"SLC 123 Skoyo","Snow Leopard",2022-01-25 06:58:13,2022-01-25,"06:58:13",610261,10171,169.5,7.1,"Data-21-22/SLC 123 Skoyo/Snow Leopard","01250202.JPG",3
"SLC 123 Skoyo","Snow Leopard",2022-02-02 07:39:59,2022-02-02,"07:39:59",693706,11561.8,192.7,8,"Data-21-22/SLC 123 Skoyo/Snow Leopard","02020220.JPG",4
"SLC 123 Skoyo B","Livestock",2015-02-02 03:45:38,2015-02-02,"03:45:38",0,0,0,0,"Data-21-22/SLC 123 Skoyo B/Livestock","02020973.JPG",1
"SLC 123 Skoyo B","Livestock",2015-02-04 00:39:52,2015-02-04,"00:39:52",161654,2694.2,44.9,1.9,"Data-21-22/SLC 123 Skoyo B/Livestock","02040992.JPG",7
"SLC 124 Skoyo","Ibex",2022-02-12 06:00:46,2022-02-12,"06:00:46",0,0,0,0,"Data-21-22/SLC 124 Skoyo/Ibex","02120007.AVI",2
"SLC 124 Skoyo","Other",2022-02-07 11:05:04,2022-02-07,"11:05:04",0,0,0,0,"Data-21-22/SLC 124 Skoyo/Other","02080006.AVI",1
"SLC 124 Skoyo","Other",2022-02-14 15:03:20,2022-02-14,"15:03:20",619096,10318.3,172,7.2,"Data-21-22/SLC 124 Skoyo/Other","02150009.AVI",1
"SLC 124 Skoyo","Other",2022-02-23 12:59:44,2022-02-23,"12:59:44",770184,12836.4,213.9,8.9,"Data-21-22/SLC 124 Skoyo/Other","02240011.AVI",1
"SLC 124 Skoyo","Snow Leopard",2021-12-26 15:26:54,2021-12-26,"15:26:54",0,0,0,0,"Data-21-22/SLC 124 Skoyo/Snow Leopard","12270004.AVI",1
"SLC 124 Skoyo","Snow Leopard",2022-03-07 06:19:22,2022-03-07,"06:19:22",6101548,101692.5,1694.9,70.6,"Data-21-22/SLC 124 Skoyo/Snow Leopard","03070015.AVI",1
"SLC 124 Skoyo B","Fox",2015-01-01 03:06:32,2015-01-01,"03:06:32",0,0,0,0,"Data-21-22/SLC 124 Skoyo B/Fox","01010004.AVI",1
"SLC 124 Skoyo B","Fox",2015-01-01 05:36:56,2015-01-01,"05:36:56",9024,150.4,2.5,0.1,"Data-21-22/SLC 124 Skoyo B/Fox","01010005.AVI",1
"SLC 124 Skoyo B","Fox",2015-01-12 02:57:46,2015-01-12,"02:57:46",940850,15680.8,261.3,10.9,"Data-21-22/SLC 124 Skoyo B/Fox","01120014.AVI",1
"SLC 124 Skoyo B","Markhor",2015-01-19 10:58:22,2015-01-19,"10:58:22",0,0,0,0,"Data-21-22/SLC 124 Skoyo B/Markhor","01190031.AVI",2
"SLC 124 Skoyo B","Other",2015-01-04 21:55:58,2015-01-04,"21:55:58",0,0,0,0,"Data-21-22/SLC 124 Skoyo B/Other","01050007.AVI",1
"SLC 124 Skoyo B","Other",2015-01-05 01:14:34,2015-01-05,"01:14:34",11916,198.6,3.3,0.1,"Data-21-22/SLC 124 Skoyo B/Other","01050008.AVI",1
"SLC 124 Skoyo B","Other",2015-01-12 22:57:18,2015-01-12,"22:57:18",682964,11382.7,189.7,7.9,"Data-21-22/SLC 124 Skoyo B/Other","01130015.AVI",1
"SLC 124 Skoyo B","Other",2015-01-13 20:45:48,2015-01-13,"20:45:48",78510,1308.5,21.8,0.9,"Data-21-22/SLC 124 Skoyo B/Other","01140017.AVI",1
"SLC 124 Skoyo B","Other",2015-01-13 23:09:48,2015-01-13,"23:09:48",8640,144,2.4,0.1,"Data-21-22/SLC 124 Skoyo B/Other","01140018.AVI",1
"SLC 124 Skoyo B","Other",2015-01-14 00:33:36,2015-01-14,"00:33:36",5028,83.8,1.4,0.1,"Data-21-22/SLC 124 Skoyo B/Other","01140019.AVI",2
"SLC 124 Skoyo B","Other",2015-01-16 06:17:02,2015-01-16,"06:17:02",193406,3223.4,53.7,2.2,"Data-21-22/SLC 124 Skoyo B/Other","01160023.AVI",1
"SLC 124 Skoyo B","Other",2015-01-17 00:25:20,2015-01-17,"00:25:20",65298,1088.3,18.1,0.8,"Data-21-22/SLC 124 Skoyo B/Other","01170024.AVI",2
"SLC 124 Skoyo B","Other",2015-01-17 02:25:46,2015-01-17,"02:25:46",7226,120.4,2,0.1,"Data-21-22/SLC 124 Skoyo B/Other","01170026.AVI",2
"SLC 124 Skoyo B","Other",2015-01-17 03:58:30,2015-01-17,"03:58:30",5564,92.7,1.5,0.1,"Data-21-22/SLC 124 Skoyo B/Other","01170028.AVI",1
"SLC 124 Skoyo B","Other",2015-01-19 04:53:04,2015-01-19,"04:53:04",176074,2934.6,48.9,2,"Data-21-22/SLC 124 Skoyo B/Other","01190029.AVI",1
"SLC 124 Skoyo B","Other",2015-01-20 06:05:02,2015-01-20,"06:05:02",90718,1512,25.2,1,"Data-21-22/SLC 124 Skoyo B/Other","01200033.AVI",1
"SLC 124 Skoyo B","Other",2015-01-25 02:24:36,2015-01-25,"02:24:36",418774,6979.6,116.3,4.8,"Data-21-22/SLC 124 Skoyo B/Other","01250035.AVI",1
"SLC 124 Skoyo B","Other",2015-01-28 20:14:56,2015-01-28,"20:14:56",323420,5390.3,89.8,3.7,"Data-21-22/SLC 124 Skoyo B/Other","01290072.AVI",1
"SLC 124 Skoyo B","Other",2015-01-31 09:17:52,2015-01-31,"09:17:52",219776,3662.9,61,2.5,"Data-21-22/SLC 124 Skoyo B/Other","01310074.AVI",1
"SLC 124 Skoyo B","Other",2015-01-31 17:51:58,2015-01-31,"17:51:58",30846,514.1,8.6,0.4,"Data-21-22/SLC 124 Skoyo B/Other","02010075.AVI",1
"SLC 124 Skoyo B","Other",2015-02-22 07:25:56,2015-02-22,"07:25:56",1863238,31054,517.6,21.6,"Data-21-22/SLC 124 Skoyo B/Other","02220149.AVI",1
"SLC 126 Thallay ","Other",2021-12-28 11:30:58,2021-12-28,"11:30:58",0,0,0,0,"Data-21-22/SLC 126 Thallay /Other","12290005.AVI",1
"SLC 126 Thallay ","Other",2021-12-30 14:57:14,2021-12-30,"14:57:14",185176,3086.3,51.4,2.1,"Data-21-22/SLC 126 Thallay /Other","12310006.AVI",1
"SLC 126 Thallay ","Other",2022-01-14 10:26:20,2022-01-14,"10:26:20",1279746,21329.1,355.5,14.8,"Data-21-22/SLC 126 Thallay /Other","01140007.AVI",1
"SLC 126 Thallay ","Other",2022-01-14 13:50:38,2022-01-14,"13:50:38",12258,204.3,3.4,0.1,"Data-21-22/SLC 126 Thallay /Other","01150008.AVI",1
"SLC 126 Thallay ","Other",2022-01-19 12:48:40,2022-01-19,"12:48:40",428282,7138,119,5,"Data-21-22/SLC 126 Thallay /Other","01200009.AVI",1
"SLC 126 Thallay ","Other",2022-01-25 13:13:46,2022-01-25,"13:13:46",519906,8665.1,144.4,6,"Data-21-22/SLC 126 Thallay /Other","01260010.AVI",1
"SLC 126 Thallay ","Other",2022-01-29 14:16:02,2022-01-29,"14:16:02",349336,5822.3,97,4,"Data-21-22/SLC 126 Thallay /Other","01300011.AVI",1
"SLC 126 Thallay ","Other",2022-02-01 07:22:06,2022-02-01,"07:22:06",234364,3906.1,65.1,2.7,"Data-21-22/SLC 126 Thallay /Other","02010012.AVI",1
"SLC 126 Thallay ","Other",2022-02-11 12:14:58,2022-02-11,"12:14:58",881572,14692.9,244.9,10.2,"Data-21-22/SLC 126 Thallay /Other","02120013.AVI",1
"SLC 126 Thallay ","Other",2022-02-12 15:44:40,2022-02-12,"15:44:40",98982,1649.7,27.5,1.1,"Data-21-22/SLC 126 Thallay /Other","02130014.AVI",1
"SLC 126 Thallay ","Other",2022-02-22 05:49:42,2022-02-22,"05:49:42",828302,13805,230.1,9.6,"Data-21-22/SLC 126 Thallay /Other","02220015.AVI",1
"SLC 126 Thallay ","Other",2022-02-22 06:22:16,2022-02-22,"06:22:16",1954,32.6,0.5,0,"Data-21-22/SLC 126 Thallay /Other","02220016.AVI",2
"SLC 126 Thallay ","Other",2022-02-24 08:43:50,2022-02-24,"08:43:50",181294,3021.6,50.4,2.1,"Data-21-22/SLC 126 Thallay /Other","02240018.AVI",1
"SLC 139 Hushe","Snow Leopard",2015-01-03 09:20:40,2015-01-03,"09:20:40",0,0,0,0,"Data-21-22/SLC 139 Hushe/Snow Leopard","IMG_0012.AVI",1
"SLC 139 Hushe","Snow Leopard",2021-11-23 02:40:34,2021-11-23,"02:40:34",217358394,3622639.9,60377.3,2515.7,"Data-21-22/SLC 139 Hushe/Snow Leopard","IMG_0005.AVI",1
"SLC 139 Hushe","Snow Leopard",2021-12-04 02:35:28,2021-12-04,"02:35:28",950094,15834.9,263.9,11,"Data-21-22/SLC 139 Hushe/Snow Leopard","IMG_0007.AVI",1
"SLC 139 Hushe","Snow Leopard",2021-12-08 02:12:00,2021-12-08,"02:12:00",344192,5736.5,95.6,4,"Data-21-22/SLC 139 Hushe/Snow Leopard","IMG_0013.AVI",1
"SLC 139 Hushe","Snow Leopard",2021-12-08 15:21:04,2021-12-08,"15:21:04",47344,789.1,13.2,0.5,"Data-21-22/SLC 139 Hushe/Snow Leopard","IMG_0014.AVI",1
"SLC 139 Hushe","Snow Leopard",2021-12-11 14:50:22,2021-12-11,"14:50:22",257358,4289.3,71.5,3,"Data-21-22/SLC 139 Hushe/Snow Leopard","IMG_12.AVI",1
"SLC 139 Hushe","Snow Leopard",2022-01-08 02:42:20,2022-01-08,"02:42:20",2375518,39592,659.9,27.5,"Data-21-22/SLC 139 Hushe/Snow Leopard","IMG_0027.AVI",2
"SLC 139 Hushe","Snow Leopard",2022-01-13 01:45:02,2022-01-13,"01:45:02",428562,7142.7,119,5,"Data-21-22/SLC 139 Hushe/Snow Leopard","IMG_0031.AVI",1
"SLC 140","Fox",2022-01-19 10:11:36,2022-01-19,"10:11:36",0,0,0,0,"Data-21-22/SLC 140/Fox","IMG_0027.AVI",1
"SLC 140","Fox",2022-01-24 11:53:04,2022-01-24,"11:53:04",438088,7301.5,121.7,5.1,"Data-21-22/SLC 140/Fox","IMG_0029.AVI",1
"SLC 140","Ibex",2021-11-21 02:16:10,2021-11-21,"02:16:10",0,0,0,0,"Data-21-22/SLC 140/Ibex","IMG_0006.AVI",1
"SLC 140","Ibex",2021-11-24 13:34:56,2021-11-24,"13:34:56",299926,4998.8,83.3,3.5,"Data-21-22/SLC 140/Ibex","IMG_0010.AVI",3
"SLC 140","Ibex",2021-12-18 03:18:40,2021-12-18,"03:18:40",2036624,33943.7,565.7,23.6,"Data-21-22/SLC 140/Ibex","IMG_0022.AVI",1
"SLC 140","Ibex",2021-12-21 20:35:26,2021-12-21,"20:35:26",321406,5356.8,89.3,3.7,"Data-21-22/SLC 140/Ibex","IMG_0024.AVI",1
"SLC 140","Ibex",2022-02-07 00:02:24,2022-02-07,"00:02:24",4073218,67887,1131.4,47.1,"Data-21-22/SLC 140/Ibex","IMG_0032.AVI",1
"SLC 140","Markhor",2021-11-25 14:32:58,2021-11-25,"14:32:58",0,0,0,0,"Data-21-22/SLC 140/Markhor","IMG_0014.AVI",1
"SLC 140","Markhor",2021-11-27 14:25:38,2021-11-27,"14:25:38",172360,2872.7,47.9,2,"Data-21-22/SLC 140/Markhor","IMG_0015.AVI",1
"SLC 140","Markhor",2021-12-08 18:41:00,2021-12-08,"18:41:00",965722,16095.4,268.3,11.2,"Data-21-22/SLC 140/Markhor","IMG_0019.AVI",1
"SLC 140","Markhor",2021-12-18 03:17:00,2021-12-18,"03:17:00",808560,13476,224.6,9.4,"Data-21-22/SLC 140/Markhor","IMG_0021.AVI",2
"SLC 140","Markhor",2021-12-21 21:41:24,2021-12-21,"21:41:24",325464,5424.4,90.4,3.8,"Data-21-22/SLC 140/Markhor","IMG_0025.AVI",1
"SLC 140","Other",2021-11-21 13:09:44,2021-11-21,"13:09:44",0,0,0,0,"Data-21-22/SLC 140/Other","IMG_0008.AVI",1
"SLC 140","Other",2021-12-02 11:50:26,2021-12-02,"11:50:26",945642,15760.7,262.7,10.9,"Data-21-22/SLC 140/Other","IMG_0017.AVI",1
"SLC 140","Other",2021-12-03 00:58:00,2021-12-03,"00:58:00",47254,787.6,13.1,0.5,"Data-21-22/SLC 140/Other","IMG_0018.AVI",1
"SLC 140 Krabathang","Fox",2022-03-22 10:12:02,2022-03-22,"10:12:02",0,0,0,0,"Data-21-22/SLC 140 Krabathang/Fox","IMG_0014.AVI",1
"SLC 140 Krabathang","Fox",2022-03-22 12:00:34,2022-03-22,"12:00:34",6512,108.5,1.8,0.1,"Data-21-22/SLC 140 Krabathang/Fox","IMG_0015.AVI",1
"SLC 140 Krabathang","Fox",2022-04-24 13:53:26,2022-04-24,"13:53:26",2857972,47632.9,793.9,33.1,"Data-21-22/SLC 140 Krabathang/Fox","IMG_0028.AVI",1
"SLC 140 Krabathang","Ibex",2022-04-03 02:02:30,2022-04-03,"02:02:30",0,0,0,0,"Data-21-22/SLC 140 Krabathang/Ibex","IMG_0018.AVI",1
"SLC 140 Krabathang","Ibex",2022-04-08 17:33:24,2022-04-08,"17:33:24",487854,8130.9,135.5,5.6,"Data-21-22/SLC 140 Krabathang/Ibex","IMG_0021.AVI",2
"SLC 140 Krabathang","Ibex",2022-04-19 06:14:48,2022-04-19,"06:14:48",909684,15161.4,252.7,10.5,"Data-21-22/SLC 140 Krabathang/Ibex","IMG_0027.AVI",1
"SLC 140 Krabathang","Livestock",2022-03-08 01:58:10,2022-03-08,"01:58:10",0,0,0,0,"Data-21-22/SLC 140 Krabathang/Livestock","IMG_0002.AVI",3
"SLC 140 Krabathang","Livestock",2022-03-12 00:36:20,2022-03-12,"00:36:20",340690,5678.2,94.6,3.9,"Data-21-22/SLC 140 Krabathang/Livestock","IMG_0005.AVI",1
"SLC 140 Krabathang","Livestock",2022-03-16 04:58:04,2022-03-16,"04:58:04",361304,6021.7,100.4,4.2,"Data-21-22/SLC 140 Krabathang/Livestock","IMG_0007.AVI",4
"SLC 140 Krabathang","Other",2022-03-24 14:55:44,2022-03-24,"14:55:44",0,0,0,0,"Data-21-22/SLC 140 Krabathang/Other","IMG_0016.AVI",1
"SLC 140 Krabathang","Other",2022-03-28 20:35:58,2022-03-28,"20:35:58",366014,6100.2,101.7,4.2,"Data-21-22/SLC 140 Krabathang/Other","IMG_0017.AVI",1
"SLC 140 Krabathang","Other",2022-04-11 11:33:26,2022-04-11,"11:33:26",1177048,19617.5,327,13.6,"Data-21-22/SLC 140 Krabathang/Other","IMG_0023.AVI",1
"SLC 140 Krabathang","Snow Leopard",2022-03-19 23:52:22,2022-03-19,"23:52:22",0,0,0,0,"Data-21-22/SLC 140 Krabathang/Snow Leopard","IMG_0013.AVI",1
"SLC 199 Skoyo","Fox",2022-01-25 19:28:10,2022-01-25,"19:28:10",0,0,0,0,"Data-21-22/SLC 199 Skoyo/Fox","01260017.AVI",1
"SLC 199 Skoyo","Livestock",2022-02-08 10:45:18,2022-02-08,"10:45:18",0,0,0,0,"Data-21-22/SLC 199 Skoyo/Livestock","02080024.AVI",2
"SLC 199 Skoyo","Other",2022-01-19 11:39:04,2022-01-19,"11:39:04",0,0,0,0,"Data-21-22/SLC 199 Skoyo/Other","01200014.AVI",1
"SLC 199 Skoyo","Snow Leopard",2021-12-11 16:44:52,2021-12-11,"16:44:52",0,0,0,0,"Data-21-22/SLC 199 Skoyo/Snow Leopard","12120009.AVI",1
"SLC 199 Skoyo","Snow Leopard",2021-12-26 09:11:28,2021-12-26,"09:11:28",1268796,21146.6,352.4,14.7,"Data-21-22/SLC 199 Skoyo/Snow Leopard","12260010.AVI",1
"SLC 199 Skoyo","Snow Leopard",2021-12-29 18:19:58,2021-12-29,"18:19:58",292110,4868.5,81.1,3.4,"Data-21-22/SLC 199 Skoyo/Snow Leopard","12300011.AVI",1
"SLC 199 Skoyo","Snow Leopard",2022-01-12 16:22:12,2022-01-12,"16:22:12",1202534,20042.2,334,13.9,"Data-21-22/SLC 199 Skoyo/Snow Leopard","01130013.AVI",1
"SLC 199 Skoyo B","Markhor",2015-02-26 15:35:58,2015-02-26,"15:35:58",0,0,0,0,"Data-21-22/SLC 199 Skoyo B/Markhor","02270104.AVI",1
"SLC 199 Skoyo B","Other",2015-02-07 13:42:46,2015-02-07,"13:42:46",0,0,0,0,"Data-21-22/SLC 199 Skoyo B/Other","02080068.AVI",1
"SLC 199 Skoyo B","Other",2015-02-15 13:46:06,2015-02-15,"13:46:06",691400,11523.3,192.1,8,"Data-21-22/SLC 199 Skoyo B/Other","02160102.AVI",1
"SLC 199 Skoyo B","Snow Leopard",2015-02-16 05:26:40,2015-02-16,"05:26:40",0,0,0,0,"Data-21-22/SLC 199 Skoyo B/Snow Leopard","02160103.AVI",1
"SLC 201 Hushe","Ibex",2021-11-21 11:59:32,2021-11-21,"11:59:32",0,0,0,0,"Data-21-22/SLC 201 Hushe/Ibex","11220011.AVI",15
"SLC 201 Hushe","Ibex",2021-11-26 07:44:36,2021-11-26,"07:44:36",416704,6945.1,115.8,4.8,"Data-21-22/SLC 201 Hushe/Ibex","11260027.AVI",1
"SLC 201 Hushe","Ibex",2021-11-30 15:54:02,2021-11-30,"15:54:02",374966,6249.4,104.2,4.3,"Data-21-22/SLC 201 Hushe/Ibex","12010039.AVI",14
"SLC 201 Hushe","Ibex",2021-11-30 16:26:20,2021-11-30,"16:26:20",1938,32.3,0.5,0,"Data-21-22/SLC 201 Hushe/Ibex","12010054.AVI",3
"SLC 201 Hushe","Ibex",2021-12-03 18:24:42,2021-12-03,"18:24:42",266302,4438.4,74,3.1,"Data-21-22/SLC 201 Hushe/Ibex","12040071.AVI",19
"SLC 201 Hushe","Ibex",2021-12-03 19:00:42,2021-12-03,"19:00:42",2160,36,0.6,0,"Data-21-22/SLC 201 Hushe/Ibex","12040095.AVI",21
"SLC 201 Hushe","Ibex",2021-12-04 07:59:32,2021-12-04,"07:59:32",46730,778.8,13,0.5,"Data-21-22/SLC 201 Hushe/Ibex","12040126.AVI",1
"SLC 201 Hushe","Ibex",2021-12-04 16:59:02,2021-12-04,"16:59:02",32370,539.5,9,0.4,"Data-21-22/SLC 201 Hushe/Ibex","12050131.AVI",4
"SLC 201 Hushe","Ibex",2021-12-04 17:57:20,2021-12-04,"17:57:20",3498,58.3,1,0,"Data-21-22/SLC 201 Hushe/Ibex","12050135.AVI",1
"SLC 201 Hushe","Ibex",2021-12-07 18:02:58,2021-12-07,"18:02:58",259538,4325.6,72.1,3,"Data-21-22/SLC 201 Hushe/Ibex","12080157.AVI",3
"SLC 201 Hushe","Ibex",2021-12-09 20:51:46,2021-12-09,"20:51:46",182928,3048.8,50.8,2.1,"Data-21-22/SLC 201 Hushe/Ibex","12100160.AVI",18
"SLC 201 Hushe","Ibex",2021-12-09 21:28:50,2021-12-09,"21:28:50",2224,37.1,0.6,0,"Data-21-22/SLC 201 Hushe/Ibex","12100185.AVI",4
"SLC 201 Hushe","Ibex",2021-12-09 22:01:18,2021-12-09,"22:01:18",1948,32.5,0.5,0,"Data-21-22/SLC 201 Hushe/Ibex","12100196.AVI",6
"SLC 201 Hushe","Ibex",2021-12-13 16:53:58,2021-12-13,"16:53:58",327160,5452.7,90.9,3.8,"Data-21-22/SLC 201 Hushe/Ibex","12140215.AVI",13
"SLC 201 Hushe","Ibex",2021-12-13 17:29:08,2021-12-13,"17:29:08",2110,35.2,0.6,0,"Data-21-22/SLC 201 Hushe/Ibex","12140232.AVI",14
"SLC 201 Hushe","Livestock",2021-12-03 21:41:34,2021-12-03,"21:41:34",0,0,0,0,"Data-21-22/SLC 201 Hushe/Livestock","12040119.AVI",4
"SLC 201 Hushe","Other",2021-12-05 09:42:34,2021-12-05,"09:42:34",0,0,0,0,"Data-21-22/SLC 201 Hushe/Other","12050137.AVI",1
"SLC 201 Hushe","Other",2021-12-05 19:46:52,2021-12-05,"19:46:52",36258,604.3,10.1,0.4,"Data-21-22/SLC 201 Hushe/Other","12060138.AVI",8
"SLC 201 Hushe","Other",2021-12-05 21:31:40,2021-12-05,"21:31:40",6288,104.8,1.7,0.1,"Data-21-22/SLC 201 Hushe/Other","12060148.AVI",6
"SLC 201 Hushe","Other",2021-12-11 22:09:36,2021-12-11,"22:09:36",520676,8677.9,144.6,6,"Data-21-22/SLC 201 Hushe/Other","12120202.AVI",1
"SLC 201 Hushe","Other",2021-12-11 22:44:24,2021-12-11,"22:44:24",2088,34.8,0.6,0,"Data-21-22/SLC 201 Hushe/Other","12120205.AVI",4
"SLC 201 Hushe","Other",2021-12-12 21:34:00,2021-12-12,"21:34:00",82176,1369.6,22.8,1,"Data-21-22/SLC 201 Hushe/Other","12130212.AVI",3
"SLC 201 Hushe","Other",2021-12-13 21:32:12,2021-12-13,"21:32:12",86292,1438.2,24,1,"Data-21-22/SLC 201 Hushe/Other","12140253.AVI",17
"SLC 201 Hushe","Other",2021-12-16 17:02:12,2021-12-16,"17:02:12",243000,4050,67.5,2.8,"Data-21-22/SLC 201 Hushe/Other","12170272.AVI",1
"SLC 204","Fox",2022-01-15 18:31:40,2022-01-15,"18:31:40",0,0,0,0,"Data-21-22/SLC 204/Fox","01160024.AVI",1
"SLC 204","Fox",2022-01-18 20:35:38,2022-01-18,"20:35:38",266638,4444,74.1,3.1,"Data-21-22/SLC 204/Fox","01190026.AVI",1
"SLC 204","Ibex",2022-01-11 14:16:36,2022-01-11,"14:16:36",0,0,0,0,"Data-21-22/SLC 204/Ibex","01120010.AVI",4
"SLC 204","Ibex",2022-01-13 15:39:18,2022-01-13,"15:39:18",177762,2962.7,49.4,2.1,"Data-21-22/SLC 204/Ibex","01140019.AVI",1
"SLC 204","Markhor",2022-01-11 14:12:44,2022-01-11,"14:12:44",0,0,0,0,"Data-21-22/SLC 204/Markhor","01120008.AVI",4
"SLC 204","Markhor",2022-01-14 17:35:20,2022-01-14,"17:35:20",271356,4522.6,75.4,3.1,"Data-21-22/SLC 204/Markhor","01150021.AVI",1
"SLC 204","Snow Leopard",2021-11-23 23:40:18,2021-11-23,"23:40:18",0,0,0,0,"Data-21-22/SLC 204/Snow Leopard","11240004.AVI",1
"SLC 204","Snow Leopard",2021-12-24 00:07:26,2021-12-24,"00:07:26",2593628,43227.1,720.5,30,"Data-21-22/SLC 204/Snow Leopard","12240007.AVI",1
"SLC 204","Snow Leopard",2022-01-11 17:43:06,2022-01-11,"17:43:06",1618540,26975.7,449.6,18.7,"Data-21-22/SLC 204/Snow Leopard","01120017.AVI",2
"SLC 204","Snow Leopard",2022-01-14 17:30:18,2022-01-14,"17:30:18",258432,4307.2,71.8,3,"Data-21-22/SLC 204/Snow Leopard","01150020.AVI",1
"SLC 204","Snow Leopard",2022-01-17 00:58:14,2022-01-17,"00:58:14",199676,3327.9,55.5,2.3,"Data-21-22/SLC 204/Snow Leopard","01170025.AVI",1
"SLC 204 Krabathang","Snow Leopard",2022-04-03 01:05:42,2022-04-03,"01:05:42",0,0,0,0,"Data-21-22/SLC 204 Krabathang/Snow Leopard","04030022.AVI",0
"SLC 205","Ibex",2022-01-05 09:27:54,2022-01-05,"09:27:54",0,0,0,0,"Data-21-22/SLC 205/Ibex","01050012.AVI",2
"SLC 205","Ibex",2022-02-12 09:35:56,2022-02-12,"09:35:56",3283682,54728,912.1,38,"Data-21-22/SLC 205/Ibex","02120016.AVI",1
"SLC 205","Ibex",2022-02-12 14:11:34,2022-02-12,"14:11:34",16538,275.6,4.6,0.2,"Data-21-22/SLC 205/Ibex","02130017.AVI",1
"SLC 205","Other",2021-12-03 02:14:22,2021-12-03,"02:14:22",0,0,0,0,"Data-21-22/SLC 205/Other","12030009.AVI",1
"SLC 205","Other",2021-12-10 15:29:42,2021-12-10,"15:29:42",652520,10875.3,181.3,7.6,"Data-21-22/SLC 205/Other","12110010.AVI",1
"SLC 205","Other",2021-12-21 15:21:08,2021-12-21,"15:21:08",949886,15831.4,263.9,11,"Data-21-22/SLC 205/Other","12220011.AVI",1
"SLC 205","Other",2022-01-22 15:50:22,2022-01-22,"15:50:22",2766554,46109.2,768.5,32,"Data-21-22/SLC 205/Other","01230014.AVI",1
"SLC 205","Other",2022-02-08 14:32:10,2022-02-08,"14:32:10",1464108,24401.8,406.7,16.9,"Data-21-22/SLC 205/Other","02090015.AVI",1
"SLC 205","Snow Leopard",2021-11-23 03:45:48,2021-11-23,"03:45:48",0,0,0,0,"Data-21-22/SLC 205/Snow Leopard","11230004.AVI",1
"SLC 205 Krabathang","Snow Leopard",2022-03-20 10:57:04,2022-03-20,"10:57:04",0,0,0,0,"Data-21-22/SLC 205 Krabathang/Snow Leopard","03200002.AVI",0
"SLC 206","Fox",2022-02-11 19:15:52,2022-02-11,"19:15:52",0,0,0,0,"Data-21-22/SLC 206/Fox","02120007.AVI",1
"SLC 206","Ibex",2022-01-30 09:52:34,2022-01-30,"09:52:34",0,0,0,0,"Data-21-22/SLC 206/Ibex","01300006.AVI",1
"SLC 206","Ibex",2022-02-17 13:44:24,2022-02-17,"13:44:24",1569110,26151.8,435.9,18.2,"Data-21-22/SLC 206/Ibex","02180008.AVI",1
"SLC 206","Markhor",2021-12-26 09:03:08,2021-12-26,"09:03:08",0,0,0,0,"Data-21-22/SLC 206/Markhor","12260005.AVI",1
"SLC 206 Krabathang","Fox",2022-03-11 17:54:38,2022-03-11,"17:54:38",0,0,0,0,"Data-21-22/SLC 206 Krabathang/Fox","03120007.AVI",1
"SLC 206 Krabathang","Fox",2022-03-13 00:40:46,2022-03-13,"00:40:46",110768,1846.1,30.8,1.3,"Data-21-22/SLC 206 Krabathang/Fox","03130008.AVI",1
"SLC 206 Krabathang","Fox",2022-03-15 04:45:34,2022-03-15,"04:45:34",187488,3124.8,52.1,2.2,"Data-21-22/SLC 206 Krabathang/Fox","03150010.AVI",1
"SLC 206 Krabathang","Fox",2022-03-16 06:04:20,2022-03-16,"06:04:20",91126,1518.8,25.3,1.1,"Data-21-22/SLC 206 Krabathang/Fox","03160013.AVI",1
"SLC 206 Krabathang","Fox",2022-03-18 04:44:32,2022-03-18,"04:44:32",168012,2800.2,46.7,1.9,"Data-21-22/SLC 206 Krabathang/Fox","03180014.AVI",1
"SLC 206 Krabathang","Fox",2022-03-20 00:16:00,2022-03-20,"00:16:00",156688,2611.5,43.5,1.8,"Data-21-22/SLC 206 Krabathang/Fox","03200016.AVI",1
"SLC 206 Krabathang","Fox",2022-03-20 01:05:40,2022-03-20,"01:05:40",2980,49.7,0.8,0,"Data-21-22/SLC 206 Krabathang/Fox","03200017.AVI",1
"SLC 206 Krabathang","Fox",2022-03-20 22:22:02,2022-03-20,"22:22:02",76582,1276.4,21.3,0.9,"Data-21-22/SLC 206 Krabathang/Fox","03210019.AVI",1
"SLC 206 Krabathang","Fox",2022-03-23 00:02:06,2022-03-23,"00:02:06",178804,2980.1,49.7,2.1,"Data-21-22/SLC 206 Krabathang/Fox","03230021.AVI",3
"SLC 206 Krabathang","Fox",2022-03-23 03:35:46,2022-03-23,"03:35:46",12820,213.7,3.6,0.1,"Data-21-22/SLC 206 Krabathang/Fox","03230024.AVI",1
"SLC 206 Krabathang","Fox",2022-03-26 03:50:26,2022-03-26,"03:50:26",260080,4334.7,72.2,3,"Data-21-22/SLC 206 Krabathang/Fox","03260025.AVI",1
"SLC 206 Krabathang","Fox",2022-03-26 05:02:12,2022-03-26,"05:02:12",4306,71.8,1.2,0,"Data-21-22/SLC 206 Krabathang/Fox","03260026.AVI",1
"SLC 206 Krabathang","Fox",2022-03-29 02:46:08,2022-03-29,"02:46:08",251036,4183.9,69.7,2.9,"Data-21-22/SLC 206 Krabathang/Fox","03290031.AVI",2
"SLC 206 Krabathang","Fox",2022-04-01 21:11:16,2022-04-01,"21:11:16",325508,5425.1,90.4,3.8,"Data-21-22/SLC 206 Krabathang/Fox","04020035.AVI",1
"SLC 206 Krabathang","Fox",2022-04-03 21:09:56,2022-04-03,"21:09:56",172720,2878.7,48,2,"Data-21-22/SLC 206 Krabathang/Fox","04040036.AVI",1
"SLC 206 Krabathang","Fox",2022-04-06 04:36:36,2022-04-06,"04:36:36",199600,3326.7,55.4,2.3,"Data-21-22/SLC 206 Krabathang/Fox","04060039.AVI",1
"SLC 206 Krabathang","Fox",2022-04-06 22:29:38,2022-04-06,"22:29:38",64382,1073,17.9,0.7,"Data-21-22/SLC 206 Krabathang/Fox","04070040.AVI",1
"SLC 206 Krabathang","Fox",2022-04-07 19:46:50,2022-04-07,"19:46:50",76632,1277.2,21.3,0.9,"Data-21-22/SLC 206 Krabathang/Fox","04080041.AVI",1
"SLC 206 Krabathang","Fox",2022-04-15 22:00:26,2022-04-15,"22:00:26",699216,11653.6,194.2,8.1,"Data-21-22/SLC 206 Krabathang/Fox","04160043.AVI",1
"SLC 206 Krabathang","Other",2022-03-27 16:47:52,2022-03-27,"16:47:52",0,0,0,0,"Data-21-22/SLC 206 Krabathang/Other","03280027.AVI",1
"SLC 206 Krabathang","Snow Leopard",2022-03-20 12:43:38,2022-03-20,"12:43:38",0,0,0,0,"Data-21-22/SLC 206 Krabathang/Snow Leopard","03210018.AVI",1
"SLC 206 Krabathang","Wolf",2022-03-29 00:44:20,2022-03-29,"00:44:20",0,0,0,0,"Data-21-22/SLC 206 Krabathang/Wolf","03290028.AVI",3
"SLC 207 Basho Sultanabad","Fox",2021-11-22 20:16:32,2021-11-22,"20:16:32",0,0,0,0,"Data-21-22/SLC 207 Basho Sultanabad/Fox","11220085.JPG",3
"SLC 207 Basho Sultanabad","Fox",2021-11-28 04:15:00,2021-11-28,"04:15:00",460708,7678.5,128,5.3,"Data-21-22/SLC 207 Basho Sultanabad/Fox","11280088.JPG",8
"SLC 207 Basho Sultanabad","Fox",2021-11-29 03:48:27,2021-11-29,"03:48:27",84807,1413.4,23.6,1,"Data-21-22/SLC 207 Basho Sultanabad/Fox","11290097.JPG",3
"SLC 207 Basho Sultanabad","Fox",2021-11-29 18:37:02,2021-11-29,"18:37:02",53315,888.6,14.8,0.6,"Data-21-22/SLC 207 Basho Sultanabad/Fox","11290100.JPG",2
"SLC 207 Basho Sultanabad","Fox",2021-11-30 19:17:46,2021-11-30,"19:17:46",88844,1480.7,24.7,1,"Data-21-22/SLC 207 Basho Sultanabad/Fox","11300106.JPG",2
"SLC 207 Basho Sultanabad","Fox",2021-12-03 18:39:07,2021-12-03,"18:39:07",256881,4281.4,71.4,3,"Data-21-22/SLC 207 Basho Sultanabad/Fox","12030109.JPG",2
"SLC 207 Basho Sultanabad","Fox",2021-12-04 01:09:17,2021-12-04,"01:09:17",23410,390.2,6.5,0.3,"Data-21-22/SLC 207 Basho Sultanabad/Fox","12040112.JPG",3
"SLC 207 Basho Sultanabad","Fox",2021-12-04 20:17:18,2021-12-04,"20:17:18",68881,1148,19.1,0.8,"Data-21-22/SLC 207 Basho Sultanabad/Fox","12040115.JPG",3
"SLC 207 Basho Sultanabad","Fox",2021-12-09 18:22:01,2021-12-09,"18:22:01",425083,7084.7,118.1,4.9,"Data-21-22/SLC 207 Basho Sultanabad/Fox","12090118.JPG",2
"SLC 207 Basho Sultanabad","Fox",2021-12-10 15:59:15,2021-12-10,"15:59:15",77834,1297.2,21.6,0.9,"Data-21-22/SLC 207 Basho Sultanabad/Fox","12100121.JPG",3
"SLC 207 Basho Sultanabad","Fox",2021-12-11 18:06:13,2021-12-11,"18:06:13",94018,1567,26.1,1.1,"Data-21-22/SLC 207 Basho Sultanabad/Fox","12110124.JPG",4
"SLC 207 Basho Sultanabad","Fox",2021-12-13 00:26:07,2021-12-13,"00:26:07",109194,1819.9,30.3,1.3,"Data-21-22/SLC 207 Basho Sultanabad/Fox","12130130.JPG",2
"SLC 207 Basho Sultanabad","Fox",2021-12-21 20:20:11,2021-12-21,"20:20:11",762844,12714.1,211.9,8.8,"Data-21-22/SLC 207 Basho Sultanabad/Fox","12210136.JPG",2
"SLC 207 Basho Sultanabad","Fox",2022-01-03 17:34:21,2022-01-03,"17:34:21",1113250,18554.2,309.2,12.9,"Data-21-22/SLC 207 Basho Sultanabad/Fox","01030145.JPG",3
"SLC 207 Basho Sultanabad","Fox",2022-04-05 00:00:30,2022-04-05,"00:00:30",7885569,131426.1,2190.4,91.3,"Data-21-22/SLC 207 Basho Sultanabad/Fox","04050148.JPG",3
"SLC 207 Basho Sultanabad","Fox",2022-04-06 14:04:52,2022-04-06,"14:04:52",137062,2284.4,38.1,1.6,"Data-21-22/SLC 207 Basho Sultanabad/Fox","04060163.JPG",3
"SLC 207 Basho Sultanabad","Fox",2022-04-06 18:20:51,2022-04-06,"18:20:51",15359,256,4.3,0.2,"Data-21-22/SLC 207 Basho Sultanabad/Fox","04060166.JPG",2
"SLC 207 Basho Sultanabad","Fox",2022-04-07 19:54:58,2022-04-07,"19:54:58",92047,1534.1,25.6,1.1,"Data-21-22/SLC 207 Basho Sultanabad/Fox","04070169.JPG",3
"SLC 207 Basho Sultanabad","Fox",2022-04-10 09:42:10,2022-04-10,"09:42:10",222432,3707.2,61.8,2.6,"Data-21-22/SLC 207 Basho Sultanabad/Fox","04100175.JPG",3
"SLC 207 Basho Sultanabad","Fox",2022-04-12 04:34:13,2022-04-12,"04:34:13",154323,2572.1,42.9,1.8,"Data-21-22/SLC 207 Basho Sultanabad/Fox","04120178.JPG",2
"SLC 207 Basho Sultanabad","Other",2021-11-30 11:47:21,2021-11-30,"11:47:21",0,0,0,0,"Data-21-22/SLC 207 Basho Sultanabad/Other","11300103.JPG",3
"SLC 207 Basho Sultanabad","Other",2021-12-30 14:30:30,2021-12-30,"14:30:30",2601789,43363.2,722.7,30.1,"Data-21-22/SLC 207 Basho Sultanabad/Other","12300142.JPG",3
"SLC 207 Basho Sultanabad","Other",2022-04-06 05:13:57,2022-04-06,"05:13:57",8347407,139123.5,2318.7,96.6,"Data-21-22/SLC 207 Basho Sultanabad/Other","04060151.JPG",5
"SLC 207 Basho Sultanabad","Other",2022-04-06 08:17:32,2022-04-06,"08:17:32",11015,183.6,3.1,0.1,"Data-21-22/SLC 207 Basho Sultanabad/Other","04060157.JPG",4
"SLC 207 Basho Sultanabad","Other",2022-04-09 06:11:05,2022-04-09,"06:11:05",251613,4193.6,69.9,2.9,"Data-21-22/SLC 207 Basho Sultanabad/Other","04090172.JPG",3
"SLC 207 Basho Sultanabad","Other",2022-04-13 10:00:41,2022-04-13,"10:00:41",359376,5989.6,99.8,4.2,"Data-21-22/SLC 207 Basho Sultanabad/Other","04130181.JPG",3
"TWLF 21","Markhor",2021-12-13 16:39:46,2021-12-13,"16:39:46",0,0,0,0,"Data-21-22/TWLF 21/Markhor","12140064.MP4",1
"TWLF 21","Markhor",2021-12-22 16:19:10,2021-12-22,"16:19:10",776364,12939.4,215.7,9,"Data-21-22/TWLF 21/Markhor","12230065.MP4",1
"TWLF 21","Other",2021-11-17 10:19:38,2021-11-17,"10:19:38",0,0,0,0,"Data-21-22/TWLF 21/Other","11170060.MP4",2
"TWLF 21","Snow Leopard",2021-11-22 21:38:54,2021-11-22,"21:38:54",0,0,0,0,"Data-21-22/TWLF 21/Snow Leopard","11230062.MP4",2
"TWLF 21","Snow Leopard",2022-01-10 18:22:20,2022-01-10,"18:22:20",4221806,70363.4,1172.7,48.9,"Data-21-22/TWLF 21/Snow Leopard","01110066.MP4",1
"TWLF 21 Krabathang","Fox",2022-03-06 01:42:44,2022-03-06,"01:42:44",0,0,0,0,"Data-21-22/TWLF 21 Krabathang/Fox","03060008.MP4",2
"TWLF 21 Krabathang","Fox",2022-03-09 17:47:56,2022-03-09,"17:47:56",317112,5285.2,88.1,3.7,"Data-21-22/TWLF 21 Krabathang/Fox","03100010.MP4",1
"TWLF 21 Krabathang","Fox",2022-04-03 21:27:44,2022-04-03,"21:27:44",2173188,36219.8,603.7,25.2,"Data-21-22/TWLF 21 Krabathang/Fox","04040017.MP4",1
"TWLF 21 Krabathang","Fox",2022-04-05 01:21:34,2022-04-05,"01:21:34",100430,1673.8,27.9,1.2,"Data-21-22/TWLF 21 Krabathang/Fox","04050021.MP4",1
"TWLF 21 Krabathang","Livestock",2022-04-18 11:43:46,2022-04-18,"11:43:46",0,0,0,0,"Data-21-22/TWLF 21 Krabathang/Livestock","04180025.MP4",7
"TWLF 21 Krabathang","Other",2022-03-05 05:44:46,2022-03-05,"05:44:46",0,0,0,0,"Data-21-22/TWLF 21 Krabathang/Other","03050007.MP4",1
"TWLF 21 Krabathang","Other",2022-04-03 19:24:56,2022-04-03,"19:24:56",2554810,42580.2,709.7,29.6,"Data-21-22/TWLF 21 Krabathang/Other","04040016.MP4",1
"TWLF 22 Thallay ","Other",2022-03-01 00:59:06,2022-03-01,"00:59:06",0,0,0,0,"Data-21-22/TWLF 22 Thallay /Other","03010019.MP4",1
"TWLF 22 Thallay ","Other",2022-03-01 19:34:26,2022-03-01,"19:34:26",66920,1115.3,18.6,0.8,"Data-21-22/TWLF 22 Thallay /Other","03020020.MP4",1
"TWLF 22 Thallay ","Other",2022-03-03 14:08:58,2022-03-03,"14:08:58",153272,2554.5,42.6,1.8,"Data-21-22/TWLF 22 Thallay /Other","03040021.MP4",1
"TWLF 22 Thallay ","Other",2022-03-06 09:24:54,2022-03-06,"09:24:54",242156,4035.9,67.3,2.8,"Data-21-22/TWLF 22 Thallay /Other","03060023.MP4",1
"TWLF 22 Thallay ","Other",2022-03-10 09:34:52,2022-03-10,"09:34:52",346198,5770,96.2,4,"Data-21-22/TWLF 22 Thallay /Other","03100024.MP4",1
"TWLF 22 Thallay ","Other",2022-03-10 10:53:32,2022-03-10,"10:53:32",4720,78.7,1.3,0.1,"Data-21-22/TWLF 22 Thallay /Other","03100026.MP4",2
"TWLF 22 Thallay ","Other",2022-03-15 14:14:58,2022-03-15,"14:14:58",444086,7401.4,123.4,5.1,"Data-21-22/TWLF 22 Thallay /Other","03160033.MP4",1
"TWLF 23 Skoyo","Fox",2022-01-24 18:10:28,2022-01-24,"18:10:28",0,0,0,0,"Data-21-22/TWLF 23 Skoyo/Fox","01250041.MP4",1
"TWLF 23 Skoyo","Fox",2022-01-25 19:05:40,2022-01-25,"19:05:40",89712,1495.2,24.9,1,"Data-21-22/TWLF 23 Skoyo/Fox","01260044.MP4",1
"TWLF 23 Skoyo","Fox",2022-01-25 21:27:44,2022-01-25,"21:27:44",8524,142.1,2.4,0.1,"Data-21-22/TWLF 23 Skoyo/Fox","01260045.MP4",1
"TWLF 23 Skoyo","Fox",2022-01-25 23:32:06,2022-01-25,"23:32:06",7462,124.4,2.1,0.1,"Data-21-22/TWLF 23 Skoyo/Fox","01260046.MP4",1
"TWLF 23 Skoyo","Fox",2022-01-26 00:09:20,2022-01-26,"00:09:20",2234,37.2,0.6,0,"Data-21-22/TWLF 23 Skoyo/Fox","01260047.MP4",1
"TWLF 23 Skoyo","Fox",2022-01-26 17:26:44,2022-01-26,"17:26:44",62244,1037.4,17.3,0.7,"Data-21-22/TWLF 23 Skoyo/Fox","01270048.MP4",1
"TWLF 23 Skoyo","Fox",2022-01-27 00:20:58,2022-01-27,"00:20:58",24854,414.2,6.9,0.3,"Data-21-22/TWLF 23 Skoyo/Fox","01270050.MP4",1
"TWLF 23 Skoyo","Fox",2022-01-27 18:55:02,2022-01-27,"18:55:02",66844,1114.1,18.6,0.8,"Data-21-22/TWLF 23 Skoyo/Fox","01280051.MP4",1
"TWLF 23 Skoyo","Fox",2022-01-31 02:08:06,2022-01-31,"02:08:06",285184,4753.1,79.2,3.3,"Data-21-22/TWLF 23 Skoyo/Fox","01310052.MP4",1
"TWLF 23 Skoyo","Fox",2022-01-31 04:05:28,2022-01-31,"04:05:28",7042,117.4,2,0.1,"Data-21-22/TWLF 23 Skoyo/Fox","01310053.MP4",1
"TWLF 23 Skoyo","Fox",2022-02-02 02:35:22,2022-02-02,"02:35:22",167394,2789.9,46.5,1.9,"Data-21-22/TWLF 23 Skoyo/Fox","02020054.MP4",1
"TWLF 23 Skoyo","Fox",2022-02-09 03:43:56,2022-02-09,"03:43:56",608914,10148.6,169.1,7,"Data-21-22/TWLF 23 Skoyo/Fox","02090058.MP4",1
"TWLF 23 Skoyo","Fox",2022-02-10 18:39:10,2022-02-10,"18:39:10",140114,2335.2,38.9,1.6,"Data-21-22/TWLF 23 Skoyo/Fox","02110060.MP4",1
"TWLF 23 Skoyo","Fox",2022-02-12 03:20:14,2022-02-12,"03:20:14",117664,1961.1,32.7,1.4,"Data-21-22/TWLF 23 Skoyo/Fox","02120062.MP4",1
"TWLF 23 Skoyo","Fox",2022-02-14 04:31:12,2022-02-14,"04:31:12",177058,2951,49.2,2.1,"Data-21-22/TWLF 23 Skoyo/Fox","02140063.MP4",1
"TWLF 23 Skoyo","Fox",2022-02-16 00:25:28,2022-02-16,"00:25:28",158056,2634.3,43.9,1.8,"Data-21-22/TWLF 23 Skoyo/Fox","02160064.MP4",1
"TWLF 23 Skoyo","Fox",2022-02-18 03:40:32,2022-02-18,"03:40:32",184504,3075.1,51.3,2.1,"Data-21-22/TWLF 23 Skoyo/Fox","02180066.MP4",1
"TWLF 23 Skoyo","Fox",2022-02-24 23:51:00,2022-02-24,"23:51:00",591028,9850.5,164.2,6.8,"Data-21-22/TWLF 23 Skoyo/Fox","02250067.MP4",1
"TWLF 23 Skoyo","Fox",2022-03-05 19:40:58,2022-03-05,"19:40:58",762598,12710,211.8,8.8,"Data-21-22/TWLF 23 Skoyo/Fox","03060069.MP4",1
"TWLF 23 Skoyo","Fox",2022-03-10 02:51:02,2022-03-10,"02:51:02",371404,6190.1,103.2,4.3,"Data-21-22/TWLF 23 Skoyo/Fox","03100074.MP4",1
"TWLF 23 Skoyo","Fox",2022-03-10 23:14:34,2022-03-10,"23:14:34",73412,1223.5,20.4,0.8,"Data-21-22/TWLF 23 Skoyo/Fox","03110076.MP4",1
"TWLF 23 Skoyo","Fox",2022-03-11 00:03:36,2022-03-11,"00:03:36",2942,49,0.8,0,"Data-21-22/TWLF 23 Skoyo/Fox","03110077.MP4",1
"TWLF 23 Skoyo","Fox",2022-03-12 20:30:48,2022-03-12,"20:30:48",160032,2667.2,44.5,1.9,"Data-21-22/TWLF 23 Skoyo/Fox","03130079.MP4",1
"TWLF 23 Skoyo","Fox",2022-03-13 04:04:06,2022-03-13,"04:04:06",27198,453.3,7.6,0.3,"Data-21-22/TWLF 23 Skoyo/Fox","03130080.MP4",1
"TWLF 23 Skoyo","Fox",2022-03-15 19:09:02,2022-03-15,"19:09:02",227096,3784.9,63.1,2.6,"Data-21-22/TWLF 23 Skoyo/Fox","03160082.MP4",1
"TWLF 23 Skoyo","Fox",2022-03-16 21:25:28,2022-03-16,"21:25:28",94586,1576.4,26.3,1.1,"Data-21-22/TWLF 23 Skoyo/Fox","03170084.MP4",1
"TWLF 23 Skoyo","Fox",2022-03-16 23:26:14,2022-03-16,"23:26:14",7246,120.8,2,0.1,"Data-21-22/TWLF 23 Skoyo/Fox","03170085.MP4",1
"TWLF 23 Skoyo","Fox",2022-03-17 00:51:58,2022-03-17,"00:51:58",5144,85.7,1.4,0.1,"Data-21-22/TWLF 23 Skoyo/Fox","03170086.MP4",1
"TWLF 23 Skoyo","Fox",2022-03-17 23:33:22,2022-03-17,"23:33:22",81684,1361.4,22.7,0.9,"Data-21-22/TWLF 23 Skoyo/Fox","03180088.MP4",1
"TWLF 23 Skoyo","Fox",2022-03-21 01:17:10,2022-03-21,"01:17:10",265428,4423.8,73.7,3.1,"Data-21-22/TWLF 23 Skoyo/Fox","03210091.MP4",1
"TWLF 23 Skoyo","Fox",2022-03-21 02:52:06,2022-03-21,"02:52:06",5696,94.9,1.6,0.1,"Data-21-22/TWLF 23 Skoyo/Fox","03210092.MP4",1
"TWLF 23 Skoyo","Fox",2022-03-21 20:20:16,2022-03-21,"20:20:16",62890,1048.2,17.5,0.7,"Data-21-22/TWLF 23 Skoyo/Fox","03220093.MP4",1
"TWLF 23 Skoyo","Fox",2022-03-22 00:59:58,2022-03-22,"00:59:58",16782,279.7,4.7,0.2,"Data-21-22/TWLF 23 Skoyo/Fox","03220094.MP4",1
"TWLF 23 Skoyo","Fox",2022-03-23 01:48:36,2022-03-23,"01:48:36",89318,1488.6,24.8,1,"Data-21-22/TWLF 23 Skoyo/Fox","03230095.MP4",1
"TWLF 23 Skoyo","Fox",2022-03-23 20:08:30,2022-03-23,"20:08:30",65994,1099.9,18.3,0.8,"Data-21-22/TWLF 23 Skoyo/Fox","03240097.MP4",3
"TWLF 23 Skoyo","Fox",2022-03-23 21:09:24,2022-03-23,"21:09:24",3654,60.9,1,0,"Data-21-22/TWLF 23 Skoyo/Fox","03240100.MP4",1
"TWLF 23 Skoyo","Fox",2022-03-24 02:27:46,2022-03-24,"02:27:46",19102,318.4,5.3,0.2,"Data-21-22/TWLF 23 Skoyo/Fox","03240102.MP4",2
"TWLF 23 Skoyo","Fox",2022-03-24 22:54:08,2022-03-24,"22:54:08",73582,1226.4,20.4,0.8,"Data-21-22/TWLF 23 Skoyo/Fox","03250106.MP4",1
"TWLF 23 Skoyo","Fox",2022-03-26 01:07:08,2022-03-26,"01:07:08",94380,1573,26.2,1.1,"Data-21-22/TWLF 23 Skoyo/Fox","03260108.MP4",1
"TWLF 23 Skoyo","Fox",2022-03-27 03:24:30,2022-03-27,"03:24:30",94642,1577.4,26.3,1.1,"Data-21-22/TWLF 23 Skoyo/Fox","03270111.MP4",1
"TWLF 23 Skoyo","Fox",2022-03-28 22:29:32,2022-03-28,"22:29:32",155102,2585,43.1,1.8,"Data-21-22/TWLF 23 Skoyo/Fox","03290115.MP4",1
"TWLF 23 Skoyo","Fox",2022-03-30 04:01:20,2022-03-30,"04:01:20",106308,1771.8,29.5,1.2,"Data-21-22/TWLF 23 Skoyo/Fox","03300118.MP4",1
"TWLF 23 Skoyo","Fox",2022-03-31 21:09:28,2022-03-31,"21:09:28",148088,2468.1,41.1,1.7,"Data-21-22/TWLF 23 Skoyo/Fox","04010120.MP4",1
"TWLF 23 Skoyo","Fox",2022-04-03 01:57:08,2022-04-03,"01:57:08",190060,3167.7,52.8,2.2,"Data-21-22/TWLF 23 Skoyo/Fox","04030123.MP4",1
"TWLF 23 Skoyo","Fox",2022-04-05 21:37:26,2022-04-05,"21:37:26",243618,4060.3,67.7,2.8,"Data-21-22/TWLF 23 Skoyo/Fox","04060128.MP4",1
"TWLF 23 Skoyo","Fox",2022-04-06 02:00:50,2022-04-06,"02:00:50",15804,263.4,4.4,0.2,"Data-21-22/TWLF 23 Skoyo/Fox","04060129.MP4",1
"TWLF 23 Skoyo","Fox",2022-04-07 20:23:50,2022-04-07,"20:23:50",152580,2543,42.4,1.8,"Data-21-22/TWLF 23 Skoyo/Fox","04080131.MP4",1
"TWLF 23 Skoyo","Fox",2022-04-09 03:33:30,2022-04-09,"03:33:30",112180,1869.7,31.2,1.3,"Data-21-22/TWLF 23 Skoyo/Fox","04090133.MP4",1
"TWLF 23 Skoyo","Fox",2022-04-10 02:09:28,2022-04-10,"02:09:28",81358,1356,22.6,0.9,"Data-21-22/TWLF 23 Skoyo/Fox","04100136.MP4",1
"TWLF 23 Skoyo","Fox",2022-04-13 05:10:32,2022-04-13,"05:10:32",270064,4501.1,75,3.1,"Data-21-22/TWLF 23 Skoyo/Fox","04130139.MP4",1
"TWLF 23 Skoyo","Fox",2022-04-15 20:45:58,2022-04-15,"20:45:58",228926,3815.4,63.6,2.6,"Data-21-22/TWLF 23 Skoyo/Fox","04160141.MP4",1
"TWLF 23 Skoyo","Fox",2022-04-16 22:56:50,2022-04-16,"22:56:50",94252,1570.9,26.2,1.1,"Data-21-22/TWLF 23 Skoyo/Fox","04170143.MP4",1
"TWLF 23 Skoyo","Fox",2022-04-17 01:32:14,2022-04-17,"01:32:14",9324,155.4,2.6,0.1,"Data-21-22/TWLF 23 Skoyo/Fox","04170145.MP4",1
"TWLF 23 Skoyo","Fox",2022-04-20 23:24:26,2022-04-20,"23:24:26",337932,5632.2,93.9,3.9,"Data-21-22/TWLF 23 Skoyo/Fox","04210148.MP4",1
"TWLF 23 Skoyo","Fox",2022-04-21 03:07:50,2022-04-21,"03:07:50",13404,223.4,3.7,0.2,"Data-21-22/TWLF 23 Skoyo/Fox","04210149.MP4",1
"TWLF 23 Skoyo","Fox",2022-04-26 02:50:22,2022-04-26,"02:50:22",430952,7182.5,119.7,5,"Data-21-22/TWLF 23 Skoyo/Fox","04260156.MP4",1
"TWLF 23 Skoyo","Fox",2022-04-29 01:20:52,2022-04-29,"01:20:52",253830,4230.5,70.5,2.9,"Data-21-22/TWLF 23 Skoyo/Fox","04290160.MP4",1
"TWLF 23 Skoyo","Fox",2022-05-02 02:22:44,2022-05-02,"02:22:44",262912,4381.9,73,3,"Data-21-22/TWLF 23 Skoyo/Fox","05020166.MP4",1
"TWLF 23 Skoyo","Fox",2022-05-04 04:10:54,2022-05-04,"04:10:54",179290,2988.2,49.8,2.1,"Data-21-22/TWLF 23 Skoyo/Fox","05040168.MP4",1
"TWLF 23 Skoyo","Fox",2022-05-04 23:46:20,2022-05-04,"23:46:20",70526,1175.4,19.6,0.8,"Data-21-22/TWLF 23 Skoyo/Fox","05050169.MP4",1
"TWLF 23 Skoyo","Fox",2022-05-06 02:58:16,2022-05-06,"02:58:16",97916,1631.9,27.2,1.1,"Data-21-22/TWLF 23 Skoyo/Fox","05060171.MP4",1
"TWLF 23 Skoyo","Ibex",2022-04-08 17:15:16,2022-04-08,"17:15:16",0,0,0,0,"Data-21-22/TWLF 23 Skoyo/Ibex","04090132.MP4",1
"TWLF 23 Skoyo","Other",2022-02-03 19:59:38,2022-02-03,"19:59:38",0,0,0,0,"Data-21-22/TWLF 23 Skoyo/Other","02040055.MP4",1
"TWLF 23 Skoyo","Other",2022-02-09 00:50:38,2022-02-09,"00:50:38",449460,7491,124.8,5.2,"Data-21-22/TWLF 23 Skoyo/Other","02090057.MP4",1
"TWLF 23 Skoyo","Other",2022-02-11 13:05:18,2022-02-11,"13:05:18",216880,3614.7,60.2,2.5,"Data-21-22/TWLF 23 Skoyo/Other","02120061.MP4",1
"TWLF 23 Skoyo","Other",2022-03-07 14:20:04,2022-03-07,"14:20:04",2078086,34634.8,577.2,24,"Data-21-22/TWLF 23 Skoyo/Other","03080072.MP4",1
"TWLF 23 Skoyo","Other",2022-03-23 05:59:02,2022-03-23,"05:59:02",1352338,22539,375.6,15.7,"Data-21-22/TWLF 23 Skoyo/Other","03230096.MP4",1
"TWLF 23 Skoyo","Other",2022-03-24 03:32:06,2022-03-24,"03:32:06",77584,1293.1,21.6,0.9,"Data-21-22/TWLF 23 Skoyo/Other","03240104.MP4",1
"TWLF 23 Skoyo","Other",2022-03-24 18:18:34,2022-03-24,"18:18:34",53188,886.5,14.8,0.6,"Data-21-22/TWLF 23 Skoyo/Other","03250105.MP4",1
"TWLF 23 Skoyo","Other",2022-03-26 23:35:10,2022-03-26,"23:35:10",191796,3196.6,53.3,2.2,"Data-21-22/TWLF 23 Skoyo/Other","03270110.MP4",1
"TWLF 23 Skoyo","Other",2022-03-30 18:28:14,2022-03-30,"18:28:14",327184,5453.1,90.9,3.8,"Data-21-22/TWLF 23 Skoyo/Other","03310119.MP4",1
"TWLF 23 Skoyo","Other",2022-04-04 06:00:14,2022-04-04,"06:00:14",387120,6452,107.5,4.5,"Data-21-22/TWLF 23 Skoyo/Other","04040124.MP4",1
"TWLF 23 Skoyo","Other",2022-04-05 14:28:18,2022-04-05,"14:28:18",116884,1948.1,32.5,1.4,"Data-21-22/TWLF 23 Skoyo/Other","04060126.MP4",2
"TWLF 23 Skoyo","Other",2022-04-07 05:23:48,2022-04-07,"05:23:48",140130,2335.5,38.9,1.6,"Data-21-22/TWLF 23 Skoyo/Other","04070130.MP4",1
"TWLF 23 Skoyo","Other",2022-04-09 05:46:00,2022-04-09,"05:46:00",174132,2902.2,48.4,2,"Data-21-22/TWLF 23 Skoyo/Other","04090134.MP4",1
"TWLF 23 Skoyo","Other",2022-04-10 15:49:46,2022-04-10,"15:49:46",122626,2043.8,34.1,1.4,"Data-21-22/TWLF 23 Skoyo/Other","04110137.MP4",1
"TWLF 23 Skoyo","Other",2022-04-14 00:11:34,2022-04-14,"00:11:34",289308,4821.8,80.4,3.4,"Data-21-22/TWLF 23 Skoyo/Other","04140140.MP4",1
"TWLF 23 Skoyo","Other",2022-04-16 23:04:50,2022-04-16,"23:04:50",255196,4253.3,70.9,3,"Data-21-22/TWLF 23 Skoyo/Other","04170144.MP4",1
"TWLF 23 Skoyo","Other",2022-04-17 01:42:12,2022-04-17,"01:42:12",9442,157.4,2.6,0.1,"Data-21-22/TWLF 23 Skoyo/Other","04170146.MP4",1
"TWLF 23 Skoyo","Other",2022-04-23 00:05:10,2022-04-23,"00:05:10",512578,8543,142.4,5.9,"Data-21-22/TWLF 23 Skoyo/Other","04230151.MP4",2
"TWLF 23 Skoyo","Other",2022-04-23 22:42:18,2022-04-23,"22:42:18",81428,1357.1,22.6,0.9,"Data-21-22/TWLF 23 Skoyo/Other","04240153.MP4",1
"TWLF 23 Skoyo","Other",2022-04-28 04:36:10,2022-04-28,"04:36:10",366832,6113.9,101.9,4.2,"Data-21-22/TWLF 23 Skoyo/Other","04280159.MP4",1
"TWLF 23 Skoyo","Other",2022-04-29 03:58:14,2022-04-29,"03:58:14",84124,1402.1,23.4,1,"Data-21-22/TWLF 23 Skoyo/Other","04290161.MP4",1
"TWLF 23 Skoyo","Other",2022-04-29 23:46:48,2022-04-29,"23:46:48",71314,1188.6,19.8,0.8,"Data-21-22/TWLF 23 Skoyo/Other","04300162.MP4",1
"TWLF 23 Skoyo","Other",2022-05-01 00:39:54,2022-05-01,"00:39:54",89586,1493.1,24.9,1,"Data-21-22/TWLF 23 Skoyo/Other","05010163.MP4",1
"TWLF 23 Skoyo","Other",2022-05-01 13:07:14,2022-05-01,"13:07:14",44840,747.3,12.5,0.5,"Data-21-22/TWLF 23 Skoyo/Other","05020164.MP4",1
"TWLF 23 Skoyo","Other",2022-05-03 00:00:30,2022-05-03,"00:00:30",125596,2093.3,34.9,1.5,"Data-21-22/TWLF 23 Skoyo/Other","05030167.MP4",1
"TWLF 23 Skoyo","Snow Leopard",2022-01-25 03:53:48,2022-01-25,"03:53:48",0,0,0,0,"Data-21-22/TWLF 23 Skoyo/Snow Leopard","01250043.MP4",1
"TWLF 23 Skoyo","Snow Leopard",2022-03-06 00:10:00,2022-03-06,"00:10:00",3442572,57376.2,956.3,39.8,"Data-21-22/TWLF 23 Skoyo/Snow Leopard","03060070.MP4",2
"TWLF 23 Skoyo","Snow Leopard",2022-04-26 19:56:54,2022-04-26,"19:56:54",4477614,74626.9,1243.8,51.8,"Data-21-22/TWLF 23 Skoyo/Snow Leopard","04270157.MP4",1
"TWLF 24 Thallay ","Fox",2021-12-21 17:23:46,2021-12-21,"17:23:46",0,0,0,0,"Data-21-22/TWLF 24 Thallay /Fox","12210080.JPG",1
"TWLF 24 Thallay ","Fox",2021-12-27 05:42:15,2021-12-27,"05:42:15",476309,7938.5,132.3,5.5,"Data-21-22/TWLF 24 Thallay /Fox","12270084.JPG",1
"TWLF 24 Thallay ","Fox",2021-12-29 08:36:20,2021-12-29,"08:36:20",183245,3054.1,50.9,2.1,"Data-21-22/TWLF 24 Thallay /Fox","12290085.JPG",2
"TWLF 24 Thallay ","Fox",2021-12-30 10:30:00,2021-12-30,"10:30:00",93220,1553.7,25.9,1.1,"Data-21-22/TWLF 24 Thallay /Fox","12300090.JPG",2
"TWLF 24 Thallay ","Other",2022-01-28 19:37:00,2022-01-28,"19:37:00",0,0,0,0,"Data-21-22/TWLF 24 Thallay /Other","01280139.JPG",2
"TWLF 24 Thallay ","Snow Leopard",2022-01-09 08:08:00,2022-01-09,"08:08:00",0,0,0,0,"Data-21-22/TWLF 24 Thallay /Snow Leopard","01090105.JPG",5
